filename,width,height,class,xmin,ymin,xmax,ymax
images-24-_jpg.rf.097fc289f71470a61dd45a4d57d389f1.jpg,640,640,Electric pole,193,38,383,590
20230521_193938_jpg.rf.03d824f5626bad89a622c209bac8ee47.jpg,640,640,Electric pole,334,221,357,376
20230521_193938_jpg.rf.03d824f5626bad89a622c209bac8ee47.jpg,640,640,Person,471,293,592,558
20230521_193938_jpg.rf.03d824f5626bad89a622c209bac8ee47.jpg,640,640,Person,578,311,607,369
images-5-_jpg.rf.15d617b4cb7bd88f506e8d84f84c5f5a.jpg,640,640,Dog,101,83,344,639
images-5-_jpg.rf.15d617b4cb7bd88f506e8d84f84c5f5a.jpg,640,640,Dog,88,83,344,640
images-5-_jpg.rf.15d617b4cb7bd88f506e8d84f84c5f5a.jpg,640,640,Dog,347,0,555,639
stainless-steel-street-poles-banners-secondary-image-KTLP4000_jpg.rf.06f0a02b843904f42cbee09ccd0a5563.jpg,640,640,Electric pole,248,50,374,574
340007376_1248647319074650_4862054855394048085_n_jpg.rf.06ac76f6390517a582d18aed80a50f0c.jpg,640,640,Car,215,265,510,378
340007376_1248647319074650_4862054855394048085_n_jpg.rf.06ac76f6390517a582d18aed80a50f0c.jpg,640,640,Tree,334,187,380,268
f_jpg.rf.0c147791b12ae316efe34971d16c94a5.jpg,640,640,Motorcycle,434,74,632,581
f_jpg.rf.0c147791b12ae316efe34971d16c94a5.jpg,640,640,Motorcycle,232,159,420,583
f_jpg.rf.0c147791b12ae316efe34971d16c94a5.jpg,640,640,Motorcycle,17,86,216,590
20230704_112440_jpg.rf.164cfc73975eb57405fac78398d5bae5.jpg,640,640,Electric pole,255,133,353,575
dog-group_jpg.rf.0585125a3160d951f80b4511e635fdd6.jpg,640,640,Dog,59,124,208,564
dog-group_jpg.rf.0585125a3160d951f80b4511e635fdd6.jpg,640,640,Dog,193,121,337,482
dog-group_jpg.rf.0585125a3160d951f80b4511e635fdd6.jpg,640,640,Dog,203,287,353,569
dog-group_jpg.rf.0585125a3160d951f80b4511e635fdd6.jpg,640,640,Dog,343,69,447,478
dog-group_jpg.rf.0585125a3160d951f80b4511e635fdd6.jpg,640,640,Dog,353,289,507,559
dog-group_jpg.rf.0585125a3160d951f80b4511e635fdd6.jpg,640,640,Dog,483,141,609,530
06dd44b27835a16486975f43ad8c14e344603e40_jpg.rf.0009bb8aacc326b88271ecf3035e3377.jpg,640,640,Tree,144,69,479,588
image16_jpeg.rf.0d7febe90340a9f296d6389b584f0db8.jpg,640,640,Motorcycle,82,68,584,480
1200x680_dpacreative378158_jpg.rf.1f7db5dcb8d4fae79ab93b94dabc09c2.jpg,640,640,Dog,139,83,522,595
20230705_200440_jpg.rf.189a63a7cbdf04c92c909589eeaccf39.jpg,640,640,Electric pole,246,143,292,162
20230705_200440_jpg.rf.189a63a7cbdf04c92c909589eeaccf39.jpg,640,640,Electric pole,277,167,304,493
Decorative-Street-Light-Pole_jpg.rf.21d2017447adc7ed443b189307549a4b.jpg,640,640,Electric pole,99,18,280,640
Decorative-Street-Light-Pole_jpg.rf.21d2017447adc7ed443b189307549a4b.jpg,640,640,Electric pole,348,225,481,640
Decorative-Street-Light-Pole_jpg.rf.21d2017447adc7ed443b189307549a4b.jpg,640,640,Electric pole,497,333,588,630
325406861_1323029528551278_3354389667431817622_n_jpg.rf.16e87f6d521f6ba30e0f33b40781f340.jpg,640,640,Car,364,140,497,205
325406861_1323029528551278_3354389667431817622_n_jpg.rf.16e87f6d521f6ba30e0f33b40781f340.jpg,640,640,Car,501,145,580,192
325406861_1323029528551278_3354389667431817622_n_jpg.rf.16e87f6d521f6ba30e0f33b40781f340.jpg,640,640,Car,571,142,621,185
325406861_1323029528551278_3354389667431817622_n_jpg.rf.16e87f6d521f6ba30e0f33b40781f340.jpg,640,640,Motorcycle,27,122,328,514
325406861_1323029528551278_3354389667431817622_n_jpg.rf.16e87f6d521f6ba30e0f33b40781f340.jpg,640,640,Motorcycle,347,186,639,640
BLACK_SIGNAL_9_jpg.rf.35e2280e9a3a3224ffa634eeb24f1c4e.jpg,640,640,Traffic signs,132,115,252,639
00c15604134c19d02209a0eee025449e294b3fe7_jpg.rf.2a9cb3df4237cae8a1f7c46c021a2352.jpg,640,640,Tree,85,26,595,584
solar-street-light-pole_jpg.rf.3175ad1ca431dde614c47a8e7c3ff705.jpg,640,640,Electric pole,133,146,264,640
solar-street-light-pole_jpg.rf.3175ad1ca431dde614c47a8e7c3ff705.jpg,640,640,Electric pole,320,251,405,620
solar-street-light-pole_jpg.rf.3175ad1ca431dde614c47a8e7c3ff705.jpg,640,640,Electric pole,407,303,473,592
solar-street-light-pole_jpg.rf.3175ad1ca431dde614c47a8e7c3ff705.jpg,640,640,Electric pole,463,337,518,576
solar-street-light-pole_jpg.rf.3175ad1ca431dde614c47a8e7c3ff705.jpg,640,640,Electric pole,505,363,552,563
solar-street-light-pole_jpg.rf.3175ad1ca431dde614c47a8e7c3ff705.jpg,640,640,Electric pole,537,384,577,558
solar-street-light-pole_jpg.rf.3175ad1ca431dde614c47a8e7c3ff705.jpg,640,640,Electric pole,556,397,592,552
solar-street-light-pole_jpg.rf.3175ad1ca431dde614c47a8e7c3ff705.jpg,640,640,Electric pole,581,410,610,545
cats_393_jpg.rf.2807422f0dda196174df457a2e7a4377.jpg,640,640,cat,31,70,278,275
cats_393_jpg.rf.2807422f0dda196174df457a2e7a4377.jpg,640,640,cat,401,27,609,275
cats_393_jpg.rf.2807422f0dda196174df457a2e7a4377.jpg,640,640,cat,0,273,404,569
20230705_200243_jpg.rf.23ee8320f855cd35376fa9264ba1e9b7.jpg,640,640,Electric pole,303,134,330,470
20230705_200243_jpg.rf.23ee8320f855cd35376fa9264ba1e9b7.jpg,640,640,Electric pole,489,292,515,414
cats_154_jpg.rf.247863d940611b30ff2e06bdf5b9b6af.jpg,640,640,cat,225,84,425,605
istockphoto-1484703537-612x612_jpg.rf.367e8aa52768d7fae6d8da0f24fd55a9.jpg,640,640,Dog,402,331,478,373
istockphoto-1484703537-612x612_jpg.rf.367e8aa52768d7fae6d8da0f24fd55a9.jpg,640,640,Dog,318,380,360,525
istockphoto-1484703537-612x612_jpg.rf.367e8aa52768d7fae6d8da0f24fd55a9.jpg,640,640,Dog,362,347,404,543
istockphoto-1484703537-612x612_jpg.rf.367e8aa52768d7fae6d8da0f24fd55a9.jpg,640,640,Dog,193,265,376,544
istockphoto-1484703537-612x612_jpg.rf.367e8aa52768d7fae6d8da0f24fd55a9.jpg,640,640,Dog,393,347,470,528
istockphoto-1484703537-612x612_jpg.rf.367e8aa52768d7fae6d8da0f24fd55a9.jpg,640,640,Dog,287,136,506,416
cats_37_jpg.rf.31ed62e8ddf055db6daef736334f8a08.jpg,640,640,cat,0,102,126,271
cats_37_jpg.rf.31ed62e8ddf055db6daef736334f8a08.jpg,640,640,cat,164,85,307,271
cats_37_jpg.rf.31ed62e8ddf055db6daef736334f8a08.jpg,640,640,cat,431,0,640,272
cats_37_jpg.rf.31ed62e8ddf055db6daef736334f8a08.jpg,640,640,dog,308,271,534,640
cats_37_jpg.rf.31ed62e8ddf055db6daef736334f8a08.jpg,640,640,cat,564,340,640,640
IMG-20230528-WA0022_jpg.rf.345a432bcc41d8b68eb7a3e26e0260ed.jpg,640,640,Car,148,165,364,310
IMG-20230705-WA0042_jpg.rf.36d81f2afa31fd3ee07da48d3ade2dc7.jpg,640,640,Traffic signs,278,343,323,470
IMG-20230705-WA0042_jpg.rf.36d81f2afa31fd3ee07da48d3ade2dc7.jpg,640,640,Electric pole,464,166,486,432
IMG-20230705-WA0042_jpg.rf.36d81f2afa31fd3ee07da48d3ade2dc7.jpg,640,640,Electric pole,27,272,57,400
IMG-20230705-WA0042_jpg.rf.36d81f2afa31fd3ee07da48d3ade2dc7.jpg,640,640,Tree,350,343,418,410
image13_jpeg.rf.388931f77d3430ea89555e7dfa67a0a3.jpg,640,640,Motorcycle,133,3,509,638
IMG-20230705-WA0032_jpg.rf.1e6664dc95f84960ee82822824b863f1.jpg,640,640,Electric pole,272,226,385,588
akita-inu_jpg.rf.3a8590d66fd7eb4413d86b876a2078c5.jpg,640,640,Dog,122,79,462,598
20230705_200354_jpg.rf.3e4bec551ea58100c86d69df5f7f7dab.jpg,640,640,Electric pole,349,199,378,517
loc_PNG.rf.45176dfcf51d64a5dbaae8fba8957161.jpg,640,640,Electric pole,317,55,367,626
20230704_112116_jpg.rf.38f01c3feb8e2fbbbdee68cb6e728b6e.jpg,640,640,Electric pole,341,153,389,507
20230704_112159_jpg.rf.48cf583f9d4def85d5d6d4e515e95a67.jpg,640,640,Electric pole,297,179,379,532
20230705_200145_jpg.rf.3fb7f8bc2f43914ccab77d82934e04b6.jpg,640,640,Electric pole,240,201,274,499
light-pole-garden-enkhuizen-3-light-243-cm_jpg.rf.45775701607c620ef2c53911fb3d2538.jpg,640,640,Electric pole,241,51,405,597
img-2188_jpg.rf.2e94a0c10f2878fb93743e98c47f263e.jpg,640,640,Person,304,177,359,198
img-2188_jpg.rf.2e94a0c10f2878fb93743e98c47f263e.jpg,640,640,Person,300,210,358,239
img-2188_jpg.rf.2e94a0c10f2878fb93743e98c47f263e.jpg,640,640,Motorcycle,312,352,340,372
img-2188_jpg.rf.2e94a0c10f2878fb93743e98c47f263e.jpg,640,640,Tree,108,149,283,503
autobus_opole_0136_jpg.rf.4c0e77c50781e8c756a31129491b42bd.jpg,640,640,Bus,87,91,413,410
20230705_201225_jpg.rf.4cb5e89d43cd77aed661cf147bea06a8.jpg,640,640,Electric pole,382,131,446,472
101_picture-large_jpg.rf.4e917bfa425734a1752cae4c855b8531.jpg,640,640,Dog,97,23,243,608
101_picture-large_jpg.rf.4e917bfa425734a1752cae4c855b8531.jpg,640,640,Dog,98,319,149,564
101_picture-large_jpg.rf.4e917bfa425734a1752cae4c855b8531.jpg,640,640,Dog,236,100,556,541
image20_jpeg.rf.4cbea2e9a51f23d64310ccb0282186f6.jpg,640,640,Motorcycle,44,10,640,587
race_american_staffordshire_terrier_png.rf.56974068f2ea8cb8d9cc62459f7c58d8.jpg,640,640,Dog,30,29,580,565
img-3702_jpeg.rf.4c89f63252d29aea8bdbba595a4aa240.jpg,640,640,Person,200,100,449,612
img-3702_jpeg.rf.4c89f63252d29aea8bdbba595a4aa240.jpg,640,640,Bus,0,167,140,251
027_Corymbia_ficifolia_1_jpg.rf.5cc1edf4b5c355f62eb8eb8ca9d287c9.jpg,640,640,Tree,45,70,598,577
IMG-20230705-WA0024_jpg.rf.5c07d4771a26f0385e4567b7fd93a8f4.jpg,640,640,Tree,337,19,390,586
20230705_200158_jpg.rf.5b82669b721ed63e6905018e012bc6cb.jpg,640,640,Electric pole,273,164,299,489
360_F_218445836_LQxbMQDhspfvLecRvClbrUU7NE8Z5xcH_jpg.rf.5210d7bd529e4258565389740f89ef06.jpg,640,640,Electric pole,285,88,499,604
339289371_753814119644316_1356606189345464536_n_jpg.rf.62cc8ec35df5f97f18fb73b8852b9e83.jpg,640,640,Car,12,147,640,568
cane-corso-chien-de-cour-italien-642bfb18e4663_jpg.rf.5a054e51a5f1c7553486d2491375b123.jpg,640,640,Dog,176,113,445,531
cane-corso-chien-de-cour-italien-642bfb18e4663_jpg.rf.5a054e51a5f1c7553486d2491375b123.jpg,640,640,Dog,438,99,640,575
20230704_111900_jpg.rf.5e2ee6155bf01917b92b1ff58c45cac3.jpg,640,640,Tree,80,64,570,565
358458316_230883156502704_1193618273115415257_n_jpg.rf.6548c8bef24e146d24640474fb783e3e.jpg,640,640,Bicycle,26,0,615,640
dog_cat_293_jpg.rf.62ed352ebe4527c48c2c39acbf6b66b7.jpg,640,640,cat,360,38,635,299
61b71c4e978d7_jpg.rf.6789824f97e4dd90ffdc4ba8d97134bb.jpg,640,640,Electric pole,342,38,505,640
61b71c4e978d7_jpg.rf.6789824f97e4dd90ffdc4ba8d97134bb.jpg,640,640,Electric pole,342,38,400,68
61b71c4e978d7_jpg.rf.6789824f97e4dd90ffdc4ba8d97134bb.jpg,640,640,Electric pole,308,234,400,593
61b71c4e978d7_jpg.rf.6789824f97e4dd90ffdc4ba8d97134bb.jpg,640,640,Electric pole,322,238,340,252
61b71c4e978d7_jpg.rf.6789824f97e4dd90ffdc4ba8d97134bb.jpg,640,640,Electric pole,294,379,347,586
61b71c4e978d7_jpg.rf.6789824f97e4dd90ffdc4ba8d97134bb.jpg,640,640,Electric pole,280,446,315,586
61b71c4e978d7_jpg.rf.6789824f97e4dd90ffdc4ba8d97134bb.jpg,640,640,Tree,519,307,601,640
61b71c4e978d7_jpg.rf.6789824f97e4dd90ffdc4ba8d97134bb.jpg,640,640,Tree,481,370,533,602
61b71c4e978d7_jpg.rf.6789824f97e4dd90ffdc4ba8d97134bb.jpg,640,640,Tree,405,434,466,607
n02106550_4063_jpg.rf.61c02e2674ca6dd0572e553438380b7b.jpg,640,640,Dog,340,86,590,640
n02106550_4063_jpg.rf.61c02e2674ca6dd0572e553438380b7b.jpg,640,640,Dog,88,565,250,640
n02106550_4063_jpg.rf.61c02e2674ca6dd0572e553438380b7b.jpg,640,640,Dog,134,329,399,638
n02106550_4063_jpg.rf.61c02e2674ca6dd0572e553438380b7b.jpg,640,640,Person,36,138,358,639
029_Corymbia_ficifolia_jpg.rf.6591150d51552f25b6f06e52d157159c.jpg,640,640,Tree,56,76,566,603
6f6f4be2729605d1a0cdfb525842885b7d17493a_jpg.rf.67a8d09ab01a0a8fcdef895d2b1f3252.jpg,640,640,Tree,148,29,489,597
20230705_200530_jpg.rf.6ddeb9bb2f39b89e56668702dfb13ce0.jpg,640,640,Electric pole,281,119,305,465
20230705_200425_jpg.rf.65fb4606163305352ad6c85aa970b442.jpg,640,640,Electric pole,257,144,279,516
images-16-_jpg.rf.7ad4b7196af2d3ffbf7b75bcc56d6658.jpg,640,640,Electric pole,358,82,458,633
images-16-_jpg.rf.7ad4b7196af2d3ffbf7b75bcc56d6658.jpg,640,640,Electric pole,448,94,535,636
images-16-_jpg.rf.7ad4b7196af2d3ffbf7b75bcc56d6658.jpg,640,640,Electric pole,256,195,347,610
images-16-_jpg.rf.7ad4b7196af2d3ffbf7b75bcc56d6658.jpg,640,640,Electric pole,16,232,132,640
images-16-_jpg.rf.7ad4b7196af2d3ffbf7b75bcc56d6658.jpg,640,640,Electric pole,551,86,615,636
img-2961_jpg.rf.710812fa456606ae8c515f9611b5599b.jpg,640,640,Tree,249,284,395,429
img-2961_jpg.rf.710812fa456606ae8c515f9611b5599b.jpg,640,640,Person,157,381,365,481
image_jpeg.rf.7a5e83ca79e2764925a006b87ee139f6.jpg,640,640,Traffic signs,269,30,375,608
a7bd1d62669e9952cbf5d23d7207175d-1592556852_jpeg.rf.7d1777c5e48240ad3f4ae2d851747a59.jpg,640,640,Dog,19,225,201,512
a7bd1d62669e9952cbf5d23d7207175d-1592556852_jpeg.rf.7d1777c5e48240ad3f4ae2d851747a59.jpg,640,640,Dog,326,236,505,515
a7bd1d62669e9952cbf5d23d7207175d-1592556852_jpeg.rf.7d1777c5e48240ad3f4ae2d851747a59.jpg,640,640,Dog,483,134,635,330
a7bd1d62669e9952cbf5d23d7207175d-1592556852_jpeg.rf.7d1777c5e48240ad3f4ae2d851747a59.jpg,640,640,Dog,33,88,162,288
IMG-20230705-WA0034_jpg.rf.7d775c6d5c79f2ed56897c0ef3c9bcd7.jpg,640,640,Tree,32,0,507,535
IMG-20230705-WA0034_jpg.rf.7d775c6d5c79f2ed56897c0ef3c9bcd7.jpg,640,640,Electric pole,203,260,238,518
IMG-20230705-WA0034_jpg.rf.7d775c6d5c79f2ed56897c0ef3c9bcd7.jpg,640,640,Electric pole,182,329,206,457
Casa-Bus-MDK-2069-350x197_jpg.rf.68895d55bc250a0d85a5f09262e57197.jpg,640,640,Bus,51,133,428,409
02b-mongolian-oak_jpg.rf.6a144d21c4835396d9bba40d159fcc9c.jpg,640,640,Tree,2,87,630,574
deux-femmes-sur-moto-et-scooter-a-marrakech-maroc-d14k14_jpg.rf.85e8a125a16e2b89b0ec637eddeeb831.jpg,640,640,Motorcycle,242,177,603,483
deux-femmes-sur-moto-et-scooter-a-marrakech-maroc-d14k14_jpg.rf.85e8a125a16e2b89b0ec637eddeeb831.jpg,640,640,Motorcycle,0,199,304,579
deux-femmes-sur-moto-et-scooter-a-marrakech-maroc-d14k14_jpg.rf.85e8a125a16e2b89b0ec637eddeeb831.jpg,640,640,Person,26,33,177,474
deux-femmes-sur-moto-et-scooter-a-marrakech-maroc-d14k14_jpg.rf.85e8a125a16e2b89b0ec637eddeeb831.jpg,640,640,Person,308,15,452,419
10085587727_jpg.rf.7e4d596bb88bf9d5f6de896b89178d14.jpg,640,640,Motorcycle,62,19,640,426
img-809_jpg.rf.7e893dc43251afeeb37871130da495b2.jpg,640,640,Traffic signs,368,78,525,640
20230705_200101_jpg.rf.8c145cd2facc4e4a092e0c53b70d48db.jpg,640,640,Electric pole,205,123,274,528
20230704_112220_jpg.rf.7c6fdd9e9744a32737ec36c887377ad0.jpg,640,640,Tree,55,277,492,538
img-3670_jpeg.rf.8ce4f68b89813fa43c8f45fe77d27c5c.jpg,640,640,Person,1,1,607,640
20230704_111907_jpg.rf.922b45cc8cecbbf2d5e0d673a3a13338.jpg,640,640,Tree,85,140,526,468
IMG-20230703-WA0008_jpg.rf.8688a2beedcfbe2a1a29c20a0f586e9c.jpg,640,640,Tree,113,124,487,456
1bcec40e2e2b80ac024f51b0e86f7840_jpg.rf.9262ff13dc25236c3059e8761d552a14.jpg,640,640,Tree,46,169,585,580
20230704_112336_jpg.rf.88303e92865395ef7a249c955864a379.jpg,640,640,Tree,208,154,400,551
BLACK_SIGNAL_10_jpg.rf.8cd96ddb2b655569a546ef840239a5df.jpg,640,640,Traffic signs,151,32,212,608
Street-Lamp-Garden-Lamp-Outdoor-Waterproof-Outdoor-High-Pole-Lamp-E27-Road-Lamp-Aluminum-Led-Street_jpg.rf.92ed3633e311d8036f9e660598c76e3c.jpg,640,640,Electric pole,294,54,368,620
cats_75_jpg.rf.949366c5ef383511f2be2af0bb4c5082.jpg,640,640,cat,363,0,640,326
cats_75_jpg.rf.949366c5ef383511f2be2af0bb4c5082.jpg,640,640,cat,278,359,640,640
dalmatian-742742_1280-1024x782_jpg.rf.96fdd0ab2a77fb65562386ef3d5e6358.jpg,640,640,Dog,67,84,253,587
dalmatian-742742_1280-1024x782_jpg.rf.96fdd0ab2a77fb65562386ef3d5e6358.jpg,640,640,Dog,252,101,409,640
dalmatian-742742_1280-1024x782_jpg.rf.96fdd0ab2a77fb65562386ef3d5e6358.jpg,640,640,Dog,391,173,601,623
image2_jpeg.rf.9609a25af6d26dd02a89ca240d52c990.jpg,640,640,Traffic signs,259,17,407,189
20230704_112123_jpg.rf.94d1b0891f3bd287263e61114bdd209a.jpg,640,640,Tree,63,137,560,452
IMG-20230705-WA0029_jpg.rf.98da00137eab0b587a3c85d944ccff98.jpg,640,640,Electric pole,233,156,258,528
electrical-traffic-light-pole-500x500_jpg.rf.980b8ee3ad2c36bf15d572175b2103b2.jpg,640,640,Traffic signs,321,361,358,627
electrical-traffic-light-pole-500x500_jpg.rf.980b8ee3ad2c36bf15d572175b2103b2.jpg,640,640,Traffic signs,236,421,275,623
electrical-traffic-light-pole-500x500_jpg.rf.980b8ee3ad2c36bf15d572175b2103b2.jpg,640,640,Traffic signs,195,58,549,627
electrical-traffic-light-pole-500x500_jpg.rf.980b8ee3ad2c36bf15d572175b2103b2.jpg,640,640,Traffic signs,155,37,195,151
img-3686_jpeg.rf.9e66f7fcf01a785258bb14262a711d1e.jpg,640,640,Person,1,14,639,640
20230704_112418_jpg.rf.a6dc67e17e032ff88613eab35627b050.jpg,640,640,Tree,120,170,516,476
20230521_193946_jpg.rf.aadabb4baff86f8cfc5ca001f42b03dc.jpg,640,640,Electric pole,316,259,342,387
20230521_193946_jpg.rf.aadabb4baff86f8cfc5ca001f42b03dc.jpg,640,640,Electric pole,509,311,527,352
20230521_193946_jpg.rf.aadabb4baff86f8cfc5ca001f42b03dc.jpg,640,640,Person,407,351,421,397
20230521_193946_jpg.rf.aadabb4baff86f8cfc5ca001f42b03dc.jpg,640,640,Person,440,350,466,398
20230521_193946_jpg.rf.aadabb4baff86f8cfc5ca001f42b03dc.jpg,640,640,Person,510,352,533,399
af74535ee79f8c4905b86c046847fdac_jpg.rf.a202034148679abb471cc61148740ebd.jpg,640,640,Electric pole,270,20,412,604
IMG_9044_jpg.rf.9b9d74f4ce8986ab3d04d0387df188a4.jpg,640,640,Bus,0,124,640,614
autobus_lodz_0521_jpg.rf.a9ae5cd846377b262c47f653e58aea7b.jpg,640,640,Bus,171,176,455,437
img-2507_jpg.rf.af3037ca5e5de66875f3457ece53cf81.jpg,640,640,Bicycle,68,67,603,515

497aeacf09f40440f2a51b5d744ce3ec_jpg.rf.b2b9039388a42ef2e5765bd4955b2fa0.jpg,640,640,Tree,17,20,627,611
20230705_200520_jpg.rf.b6303dce6e7f36b48caba0017a4c606f.jpg,640,640,Electric pole,321,176,352,458
IMG-20230705-WA0018_jpg.rf.b1d59c4af883e1c3201e7a44a905aac0.jpg,640,640,Electric pole,267,48,479,552
IMG-20230705-WA0018_jpg.rf.b1d59c4af883e1c3201e7a44a905aac0.jpg,640,640,Electric pole,198,297,256,485
IMG-20230705-WA0018_jpg.rf.b1d59c4af883e1c3201e7a44a905aac0.jpg,640,640,Tree,36,416,110,490
IMG-20230705-WA0018_jpg.rf.b1d59c4af883e1c3201e7a44a905aac0.jpg,640,640,Tree,510,378,640,512
IMG-20230705-WA0018_jpg.rf.b1d59c4af883e1c3201e7a44a905aac0.jpg,640,640,Electric pole,467,363,500,468
IMG-20230705-WA0018_jpg.rf.b1d59c4af883e1c3201e7a44a905aac0.jpg,640,640,Tree,332,422,380,474
IMG-20230705-WA0018_jpg.rf.b1d59c4af883e1c3201e7a44a905aac0.jpg,640,640,Tree,395,423,448,470
352377419_242325131769424_3614191234012951689_n_jpg.rf.b019aa0e0ee2d2e34efbd6ad79ffe7df.jpg,640,640,Bicycle,42,175,599,496
img-2048_jpg.rf.aba45b49b82acaf56ccf47a6474eac96.jpg,640,640,Bicycle,26,44,617,550
Nouvelle-loi-immatriculation-moto-Maroc-2015_jpg.rf.bd7c783db13a72f6c616dc56896b4dd9.jpg,640,640,Motorcycle,0,0,141,126
Nouvelle-loi-immatriculation-moto-Maroc-2015_jpg.rf.bd7c783db13a72f6c616dc56896b4dd9.jpg,640,640,Motorcycle,196,0,325,104
Nouvelle-loi-immatriculation-moto-Maroc-2015_jpg.rf.bd7c783db13a72f6c616dc56896b4dd9.jpg,640,640,Motorcycle,381,1,506,87
Nouvelle-loi-immatriculation-moto-Maroc-2015_jpg.rf.bd7c783db13a72f6c616dc56896b4dd9.jpg,640,640,Motorcycle,502,0,587,72
Nouvelle-loi-immatriculation-moto-Maroc-2015_jpg.rf.bd7c783db13a72f6c616dc56896b4dd9.jpg,640,640,Motorcycle,586,0,639,64
Nouvelle-loi-immatriculation-moto-Maroc-2015_jpg.rf.bd7c783db13a72f6c616dc56896b4dd9.jpg,640,640,Motorcycle,379,233,468,526
Nouvelle-loi-immatriculation-moto-Maroc-2015_jpg.rf.bd7c783db13a72f6c616dc56896b4dd9.jpg,640,640,Motorcycle,151,303,373,639
Nouvelle-loi-immatriculation-moto-Maroc-2015_jpg.rf.bd7c783db13a72f6c616dc56896b4dd9.jpg,640,640,Person,279,0,474,639
20230704_112351_jpg.rf.9d739215ec343eefd28bd92cbdd3e9d3.jpg,640,640,Tree,213,228,374,445
depositphotos_353200282-stock-photo-cane-corso-a-dog-breed_jpg.rf.bfdf88d26ded2a35380f34672cf0c186.jpg,640,640,Dog,71,61,234,554
depositphotos_353200282-stock-photo-cane-corso-a-dog-breed_jpg.rf.bfdf88d26ded2a35380f34672cf0c186.jpg,640,640,Dog,221,107,379,538
depositphotos_353200282-stock-photo-cane-corso-a-dog-breed_jpg.rf.bfdf88d26ded2a35380f34672cf0c186.jpg,640,640,Dog,355,82,526,529
depositphotos_353200282-stock-photo-cane-corso-a-dog-breed_jpg.rf.bfdf88d26ded2a35380f34672cf0c186.jpg,640,640,Dog,500,69,617,517
n02093428_592_jpg.rf.ba5d51c792a84b91898bee305fdb8004.jpg,640,640,Dog,220,171,640,474
n02093428_592_jpg.rf.ba5d51c792a84b91898bee305fdb8004.jpg,640,640,Dog,50,190,274,418
best-dog-breed-for-each-zodiac-sign-different-dog-breeds-FB_jpg.rf.c0427482a013d0e2c45a5056d3d539b8.jpg,640,640,Dog,483,44,610,635
best-dog-breed-for-each-zodiac-sign-different-dog-breeds-FB_jpg.rf.c0427482a013d0e2c45a5056d3d539b8.jpg,640,640,Dog,369,114,486,634
best-dog-breed-for-each-zodiac-sign-different-dog-breeds-FB_jpg.rf.c0427482a013d0e2c45a5056d3d539b8.jpg,640,640,Dog,254,117,369,623
best-dog-breed-for-each-zodiac-sign-different-dog-breeds-FB_jpg.rf.c0427482a013d0e2c45a5056d3d539b8.jpg,640,640,Dog,150,109,263,639
best-dog-breed-for-each-zodiac-sign-different-dog-breeds-FB_jpg.rf.c0427482a013d0e2c45a5056d3d539b8.jpg,640,640,Dog,12,39,162,639
179204073_1002257203850427_4148073130210987159_n_jpg.rf.ce052fc69e55a11aaa4da86ac9616756.jpg,640,640,Tree,0,0,640,639
IMG-20230616-WA0025_jpg.rf.ca5506be56a651354e7f16ae38396af1.jpg,640,640,Tree,170,119,488,457
IMG-20230616-WA0025_jpg.rf.ca5506be56a651354e7f16ae38396af1.jpg,640,640,Tree,458,157,573,344
img-1072_jpg.rf.cb6f7eba13c59a78cd955dad00931b6c.jpg,640,640,Bicycle,177,21,347,565
img-1072_jpg.rf.cb6f7eba13c59a78cd955dad00931b6c.jpg,640,640,Person,107,357,245,541
img-1072_jpg.rf.cb6f7eba13c59a78cd955dad00931b6c.jpg,640,640,Person,271,302,435,539
15_jpg.rf.d31f76b83e10fb9781055a7d7b54f334.jpg,640,640,cat,62,280,405,536
15_jpg.rf.d31f76b83e10fb9781055a7d7b54f334.jpg,640,640,dear,27,104,548,514
20230704_112431_jpg.rf.ccf1e27b56e6aa955a6cc2f6b9c635ce.jpg,640,640,Electric pole,251,129,333,592
images34_jpg.rf.db108d3e2f6ceb86c655b57cc7fc22f8.jpg,640,640,Motorcycle,67,3,640,595
green-traffic-light-with-an-arrow-showing-a-traffic-filter-in-a-town-bb6byw_jpg.rf.dc695ff8cf8363a7c00250d9d1dcfceb.jpg,640,640,Traffic signs,426,68,567,535
6cb04b14303599444f61ebef75f5bcdb_jpg.rf.d9f61f243d44e00226abc57f8a04b304.jpg,640,640,Tree,60,34,629,624
IMG-20230705-WA0020_jpg.rf.d85fdac481739bbea78e888268cafc41.jpg,640,640,Electric pole,176,127,297,579
street-light-pole-3d-model-low-poly-obj-fbx-c4d_jpg.rf.c030f06252dea9b8a9144b5858e39ded.jpg,640,640,Electric pole,18,78,80,577
street-light-pole-3d-model-low-poly-obj-fbx-c4d_jpg.rf.c030f06252dea9b8a9144b5858e39ded.jpg,640,640,Electric pole,125,62,160,575
street-light-pole-3d-model-low-poly-obj-fbx-c4d_jpg.rf.c030f06252dea9b8a9144b5858e39ded.jpg,640,640,Electric pole,207,62,224,95
street-light-pole-3d-model-low-poly-obj-fbx-c4d_jpg.rf.c030f06252dea9b8a9144b5858e39ded.jpg,640,640,Electric pole,223,101,250,579
street-light-pole-3d-model-low-poly-obj-fbx-c4d_jpg.rf.c030f06252dea9b8a9144b5858e39ded.jpg,640,640,Electric pole,309,72,330,573
street-light-pole-3d-model-low-poly-obj-fbx-c4d_jpg.rf.c030f06252dea9b8a9144b5858e39ded.jpg,640,640,Electric pole,400,76,425,573
street-light-pole-3d-model-low-poly-obj-fbx-c4d_jpg.rf.c030f06252dea9b8a9144b5858e39ded.jpg,640,640,Electric pole,475,111,510,579
street-light-pole-3d-model-low-poly-obj-fbx-c4d_jpg.rf.c030f06252dea9b8a9144b5858e39ded.jpg,640,640,Electric pole,545,113,626,579
images3_jpg.rf.dd1364fd1b1e7dd955895e174355ca43.jpg,640,640,Traffic signs,259,99,356,550
20230705_200318_jpg.rf.df98aa28a63d7c3c6e9a325e623be31c.jpg,640,640,Electric pole,259,166,287,418
img-1160_jpg.rf.e0667634923e1b58b020a0e22cc76048.jpg,640,640,Person,446,145,536,228
img-1160_jpg.rf.e0667634923e1b58b020a0e22cc76048.jpg,640,640,Person,495,0,597,124
img-1160_jpg.rf.e0667634923e1b58b020a0e22cc76048.jpg,640,640,Person,356,2,481,205
IMG-20230528-WA0035_jpg.rf.ebf7674198a42d02b1f7d7ed84bf8815.jpg,640,640,Traffic signs,141,154,262,521
IMG-20230528-WA0035_jpg.rf.ebf7674198a42d02b1f7d7ed84bf8815.jpg,640,640,Electric pole,144,0,191,175
IMG-20230528-WA0035_jpg.rf.ebf7674198a42d02b1f7d7ed84bf8815.jpg,640,640,Electric pole,111,214,173,466
IMG-20230528-WA0035_jpg.rf.ebf7674198a42d02b1f7d7ed84bf8815.jpg,640,640,Tree,255,0,640,566
20230705_200258_jpg.rf.f5be7ad19c603cb9bb5b5edf1117f541.jpg,640,640,Electric pole,304,126,379,500
images_jpg.rf.eb15007a663be554263e0bbb969edc1d.jpg,640,640,Uncovered manhole,184,274,581,545
img-1209_jpg.rf.e39d8d6c47064d4d8b2c09f5ce879b77.jpg,640,640,Car,156,277,489,393
istockphoto-508294370-612x612_jpg.rf.f8afc647c145839226b0332e973c1696.jpg,640,640,Dog,52,94,233,602
istockphoto-508294370-612x612_jpg.rf.f8afc647c145839226b0332e973c1696.jpg,640,640,Dog,202,145,340,607
istockphoto-508294370-612x612_jpg.rf.f8afc647c145839226b0332e973c1696.jpg,640,640,Dog,341,249,455,608
istockphoto-508294370-612x612_jpg.rf.f8afc647c145839226b0332e973c1696.jpg,640,640,Dog,411,69,579,613
img-1034_jpg.rf.f3a3b3dbae4eaa74269d97b2d6280e0d.jpg,640,640,Car,49,79,609,532
img-1034_jpg.rf.f3a3b3dbae4eaa74269d97b2d6280e0d.jpg,640,640,Car,562,193,640,241
decorative-poles-and-brackets_png.rf.fe7d038d6dfeee25600d23e78d3a0df2.jpg,640,640,Electric pole,120,37,311,640
0a9bb12b28442502cccac5d45f35d8c1_jpg.rf.f99641376aaa34cdb83c466128fcd302.jpg,640,640,Tree,135,85,529,526
20230705_200209_jpg.rf.ff4f6b94cd290cd8c9fdc4d6ec905007.jpg,640,640,Electric pole,288,270,302,450
1babb922717ade3737d87ba78cc8c0e68898b48c_jpg.rf.fd0e68e4b3116f5be31df8cc3cf7689c.jpg,640,640,Tree,54,53,590,587
IMG-20230705-WA0014_jpg.rf.f920990edc84e9e52a4e3458250afe73.jpg,640,640,Electric pole,319,231,372,495
IMG-20230705-WA0014_jpg.rf.f920990edc84e9e52a4e3458250afe73.jpg,640,640,Tree,194,374,247,502
IMG-20230705-WA0014_jpg.rf.f920990edc84e9e52a4e3458250afe73.jpg,640,640,Tree,483,351,608,481
20230517_192357_jpg.rf.f19d8e96f742f91f3003ee7fedec60ae.jpg,640,640,Person,23,323,203,640
20230517_192357_jpg.rf.f19d8e96f742f91f3003ee7fedec60ae.jpg,640,640,Tree,153,0,640,449
20230517_192357_jpg.rf.f19d8e96f742f91f3003ee7fedec60ae.jpg,640,640,Car,191,385,329,460
n02093428_3020_jpg.rf.ff78452281fcd7e2e6dd3d379562f974.jpg,640,640,Dog,41,59,471,600